{"$schema":"http://schema.management.azure.com/schemas/2015-01-01/deploymentTemplate.json#","contentVersion":"1.0.0.0","parameters":{},"variables":{},"resources":[{"name":"pl_bronze_load","type":"pipelines","apiVersion":"2018-06-01","properties":{"activities":[{"name":"Ingest bronze files to table","type":"TridentNotebook","dependsOn":[],"policy":{"timeout":"0.12:00:00","retry":0,"retryIntervalInSeconds":30,"secureOutput":false,"secureInput":false},"typeProperties":{"notebookId":"a449e987-2c47-476f-adbd-70b7889f7a64","workspaceId":"e9e8c4e0-778d-4563-a5a3-8a886c655935"}}],"lastModifiedByObjectId":"76ebd420-e576-41c1-ac8f-4249579d649f","lastPublishTime":"2025-08-08T06:46:53Z"},"dependsOn":[]}]}