{"$schema":"http://schema.management.azure.com/schemas/2015-01-01/deploymentTemplate.json#","contentVersion":"1.0.0.0","parameters":{},"variables":{},"resources":[{"name":"pl1","type":"pipelines","apiVersion":"2018-06-01","properties":{"activities":[{"name":"ingest json files into bronze tables","type":"TridentNotebook","dependsOn":[],"policy":{"timeout":"0.12:00:00","retry":0,"retryIntervalInSeconds":30,"secureOutput":false,"secureInput":false},"typeProperties":{"notebookId":"f557dd22-f737-49a9-923e-4fcfd2d3330c","workspaceId":"8c9d7a4a-7b89-400c-bbd0-87c014df44ec"}}],"lastModifiedByObjectId":"8df37edf-3adc-4d77-bd49-a93973de8ca8","lastPublishTime":"2025-08-08T05:04:20Z"},"dependsOn":[]}]}