{"$schema":"http://schema.management.azure.com/schemas/2015-01-01/deploymentTemplate.json#","contentVersion":"1.0.0.0","parameters":{"lh_silver":{"type":"string"},"dw_fabrikam":{"type":"string"}},"variables":{},"resources":[{"name":"pl_gold_load","type":"pipelines","apiVersion":"2018-06-01","properties":{"activities":[{"name":"dim customer","type":"Copy","dependsOn":[],"policy":{"timeout":"0.12:00:00","retry":0,"retryIntervalInSeconds":30,"secureOutput":false,"secureInput":false},"typeProperties":{"source":{"type":"LakehouseTableSource","datasetSettings":{"annotations":[],"linkedService":{"name":"lh_silver","properties":{"annotations":[],"type":"Lakehouse","typeProperties":{"workspaceId":"e9e8c4e0-778d-4563-a5a3-8a886c655935","artifactId":"[parameters('lh_silver')]","rootFolder":"Tables"}}},"type":"LakehouseTable","schema":[],"typeProperties":{"table":"silver_crm_customer_profiles"}}},"sink":{"type":"DataWarehouseSink","allowCopyCommand":true,"copyCommandSettings":{},"tableOption":"autoCreate","datasetSettings":{"annotations":[],"linkedService":{"name":"dw_fabrikam","properties":{"annotations":[],"type":"DataWarehouse","typeProperties":{"endpoint":"fi374tfeg74ejensl6xtijj4mi-4dcor2mno5ruljndrkegyzkzgu.datawarehouse.fabric.microsoft.com","artifactId":"[parameters('dw_fabrikam')]","workspaceId":"e9e8c4e0-778d-4563-a5a3-8a886c655935"}}},"type":"DataWarehouseTable","schema":[],"typeProperties":{"schema":"gold","table":"dim_customers"}}},"enableStaging":true,"translator":{"type":"TabularTranslator","typeConversion":true,"typeConversionSettings":{"allowDataTruncation":true,"treatBooleanAsNumber":false}}}}],"lastModifiedByObjectId":"76ebd420-e576-41c1-ac8f-4249579d649f","lastPublishTime":"2025-08-08T06:13:52Z"},"dependsOn":[]}]}