TransactionID,MaterialID,TransactionDate,Quantity,Cost,SupplierID
1,2038,2024-03-29 01:56:42.871179,26,2240.35,339
2,2023,2024-04-21 06:37:31.104470,51,269.87,353
3,2079,2024-02-27 13:51:19.193228,56,617.08,343
4,2079,2024-04-25 11:46:30.601353,82,1643.74,373
5,2007,2024-01-16 10:51:24.163934,71,4453.39,301
6,2043,2024-01-01 23:20:22.058760,16,96.14,386
7,2089,2024-03-12 05:31:07.281136,39,2689.02,306
8,2041,2024-04-09 18:40:36.823522,32,849.18,372
9,2009,2024-03-02 19:44:29.886315,98,578.0,304
10,2046,2024-01-22 09:32:41.208574,32,2817.97,340
11,2053,2024-03-16 10:57:09.599519,38,648.49,303
12,2065,2024-01-18 21:58:20.637767,59,2907.8,314
13,2080,2024-04-15 15:40:49.218672,49,1187.61,302
14,2094,2024-04-13 21:45:38.191580,87,2443.33,376
15,2016,2024-03-08 04:30:56.812317,50,705.18,302
16,2058,2024-03-20 18:47:23.000471,95,1404.22,379
17,2039,2024-01-09 00:28:43.456147,48,2453.52,322
18,2052,2024-02-28 16:59:18.258162,46,4680.79,394
19,2078,2024-02-02 03:20:42.566364,68,2899.3,301
20,2043,2024-03-17 00:23:48.025892,44,2179.43,351
21,2004,2024-01-26 13:57:27.242864,54,1540.92,334
22,2061,2024-02-06 02:56:35.188302,94,888.18,343
23,2010,2024-04-25 21:02:46.422693,49,2244.41,393
24,2059,2024-01-27 22:17:34.555967,91,756.95,373
25,2065,2024-01-11 21:34:58.721665,6,262.8,305
26,2079,2024-03-07 12:16:57.302589,71,2960.36,360
27,2006,2024-01-25 17:57:51.981437,69,1608.32,318
28,2095,2024-01-16 23:29:02.964414,83,1698.87,335
29,2015,2024-04-23 17:05:00.187130,58,4937.73,334
30,2056,2024-04-05 18:41:36.923608,5,2760.74,311
31,2037,2024-03-25 00:02:01.004463,97,3407.31,344
32,2060,2024-01-08 20:52:55.305785,92,3556.29,361
33,2014,2024-03-13 20:24:02.383047,38,3673.9,347
34,2053,2024-02-23 13:28:15.362785,85,4478.72,346
35,2050,2024-01-15 10:00:52.113684,51,2236.0,382
36,2024,2024-02-24 18:14:30.124451,73,1277.22,317
37,2030,2024-04-27 05:51:31.109615,93,1880.54,360
38,2065,2024-01-24 19:38:04.531556,79,4896.76,370
39,2010,2024-03-12 08:37:09.924719,81,4033.28,382
40,2009,2024-03-17 12:30:05.364624,51,3986.1,334
41,2091,2024-04-04 19:54:40.220383,38,2926.58,306
42,2036,2024-04-10 01:18:26.072409,74,1772.57,353
43,2074,2024-04-12 15:40:48.827449,62,125.4,372
44,2086,2024-03-17 00:09:04.218368,61,2646.83,321
45,2033,2024-02-01 11:37:36.716052,25,1181.68,393
46,2065,2024-03-15 22:38:32.257010,79,1643.6,303
47,2069,2024-03-25 22:46:02.831442,6,4699.82,317
48,2037,2024-02-29 04:52:52.584528,24,3213.92,390
49,2048,2024-02-22 22:57:07.562819,56,3800.06,309
50,2081,2024-01-24 00:59:44.509675,65,2531.4,302
51,2091,2024-01-05 01:37:55.856148,34,4782.95,308
52,2002,2024-01-20 00:12:20.235546,65,691.52,311
53,2022,2024-01-10 13:09:08.160837,33,3337.59,365
54,2080,2024-03-05 23:16:16.171287,25,429.4,377
55,2019,2024-03-18 04:42:19.153150,56,2697.73,323
56,2065,2024-03-12 02:06:49.562357,59,670.91,393
57,2025,2024-01-22 06:42:25.128439,97,3803.8,398
58,2061,2024-04-18 21:54:43.448361,78,1742.24,381
59,2040,2024-03-13 12:44:27.639543,70,755.29,367
60,2049,2024-04-27 02:25:47.302656,7,4805.07,377
61,2095,2024-01-10 21:55:58.182423,49,1363.96,370
62,2044,2024-03-05 08:25:59.111449,33,3151.55,341
63,2062,2024-04-04 17:41:29.051191,24,427.56,349
64,2055,2024-01-09 15:42:15.471671,83,4357.71,380
65,2069,2024-02-17 00:36:56.730418,44,2654.64,339
66,2028,2024-04-25 12:24:31.204791,73,2376.38,355
67,2032,2024-04-06 23:25:36.207850,45,527.89,346
68,2033,2024-01-14 18:22:08.333742,15,239.25,312
69,2075,2024-02-21 23:39:10.230972,44,1875.84,328
70,2012,2024-01-11 20:19:06.297222,35,265.17,317
71,2001,2024-04-04 11:23:50.167482,47,4352.1,316
72,2085,2024-03-30 03:02:50.802645,75,234.75,379
73,2068,2024-02-22 03:55:56.214830,63,3731.23,319
74,2069,2024-02-26 23:52:47.793829,38,4014.41,385
75,2086,2024-04-01 20:15:48.231775,56,3932.82,335
76,2012,2024-03-17 23:32:18.224807,27,3676.12,323
77,2002,2024-01-05 07:27:44.754840,48,3055.31,364
78,2074,2024-03-14 08:25:04.355382,2,4668.45,370
79,2091,2024-03-15 14:25:25.666270,10,190.21,306
80,2032,2024-02-06 12:07:39.005035,63,4175.94,337
81,2098,2024-04-23 08:08:23.716164,54,1603.38,373
82,2064,2024-04-02 01:40:01.784615,88,1369.84,319
83,2052,2024-01-11 13:12:26.929512,65,2949.97,370
84,2065,2024-03-03 20:51:52.405573,28,2482.6,301
85,2078,2024-04-15 19:19:02.618022,84,4948.46,334
86,2048,2024-04-13 15:09:46.372824,20,4359.15,313
87,2052,2024-01-29 15:23:37.045684,61,4106.19,310
88,2033,2024-03-23 10:46:19.708879,4,462.38,362
89,2021,2024-03-12 21:46:32.986171,40,2092.56,366
90,2084,2024-01-14 05:26:58.262968,75,1956.94,359
91,2047,2024-04-13 13:47:05.299020,77,4409.14,315
92,2020,2024-04-08 01:50:12.557742,31,299.06,315
93,2082,2024-04-23 01:37:43.954797,40,4860.8,382
94,2058,2024-02-19 08:35:43.798234,88,2002.32,359
95,2053,2024-01-31 05:34:56.933548,72,2905.89,386
96,2098,2024-04-26 16:03:18.368342,22,88.36,317
97,2031,2024-02-21 18:02:09.884907,73,4885.79,371
98,2063,2024-02-23 16:46:01.696426,24,1080.12,390
99,2010,2024-02-03 19:29:22.562526,23,1375.02,363
100,2010,2024-04-08 08:37:07.610436,9,4449.04,327
101,2019,2024-01-01 19:58:16.247787,46,1321.61,311
102,2039,2024-04-18 08:01:10.571580,17,2247.55,396
103,2007,2024-02-08 22:17:19.485906,23,1166.72,366
104,2077,2024-04-24 15:51:53.155730,83,1322.49,310
105,2061,2024-04-07 09:18:48.178231,41,2526.5,331
106,2007,2024-03-31 05:53:49.341028,51,1093.09,339
107,2096,2024-02-14 18:59:56.692482,26,4780.36,361
108,2067,2024-01-29 05:06:27.625880,71,1075.02,372
109,2040,2024-01-19 10:52:28.968280,88,4546.03,332
110,2008,2024-02-26 13:42:49.453596,41,252.92,356
111,2025,2024-03-07 10:04:25.150032,16,956.17,386
112,2068,2024-04-21 21:38:13.570915,70,4193.8,331
113,2095,2024-01-10 11:58:45.491097,76,4189.32,310
114,2052,2024-02-09 21:04:12.164951,34,353.44,300
115,2003,2024-02-22 23:41:27.051506,61,3407.78,366
116,2048,2024-02-04 03:56:03.331652,82,2360.45,323
117,2041,2024-02-02 06:54:04.243257,2,4081.3,303
118,2004,2024-03-25 00:56:14.461608,56,2395.59,334
119,2037,2024-02-02 12:47:11.522706,30,2393.47,369
120,2052,2024-01-19 15:29:48.814727,83,1860.08,335
121,2060,2024-04-26 21:47:56.905612,21,568.35,379
122,2056,2024-04-20 15:14:16.053605,12,3781.61,393
123,2076,2024-03-31 11:33:47.401712,61,4982.06,312
124,2033,2024-04-19 03:56:38.008249,39,2518.29,354
125,2095,2024-02-20 11:17:50.061812,66,4708.01,379
126,2053,2024-03-23 12:59:30.168207,24,2515.54,378
127,2079,2024-03-10 23:46:34.012455,35,2946.9,392
128,2099,2024-03-11 14:58:15.174377,88,3511.75,373
129,2052,2024-03-30 17:24:55.920999,59,1993.73,342
130,2082,2024-01-11 15:15:58.997781,82,2558.45,353
131,2052,2024-01-23 18:14:14.368955,38,2030.57,374
132,2000,2024-03-07 22:12:34.314545,19,4745.76,334
133,2058,2024-04-15 12:13:39.848913,68,2114.38,376
134,2093,2024-01-10 04:24:42.437355,71,663.44,374
135,2077,2024-04-24 23:50:35.757622,31,4916.16,303
136,2005,2024-04-01 00:38:01.552688,74,3977.67,323
137,2010,2024-03-28 00:58:25.818355,96,1859.09,396
138,2069,2024-04-29 23:18:36.671032,38,3250.92,322
139,2042,2024-04-26 06:49:48.774921,71,390.67,324
140,2045,2024-04-03 07:51:08.189609,33,4081.9,326
141,2095,2024-03-13 05:02:46.128219,54,497.22,385
142,2087,2024-03-04 14:29:04.272381,64,1727.68,345
143,2039,2024-04-02 04:19:48.728134,63,2604.12,333
144,2071,2024-02-05 09:46:59.421641,37,1801.27,370
145,2091,2024-01-26 04:31:23.956295,91,3444.94,348
146,2064,2024-03-06 09:35:29.810338,5,4552.03,352
147,2060,2024-01-22 10:32:26.836060,75,4191.32,353
148,2068,2024-04-12 08:04:32.177223,12,1910.27,313
149,2069,2024-04-06 04:37:20.724756,27,331.66,374
150,2021,2024-02-21 17:02:02.708669,94,2921.53,353
151,2015,2024-02-15 22:43:35.492541,31,2994.64,326
152,2030,2024-02-16 00:05:05.435977,56,1621.67,354
153,2043,2024-04-29 07:50:43.176780,47,2888.7,322
154,2021,2024-03-06 02:11:55.603304,42,1814.98,353
155,2097,2024-01-27 20:47:17.382837,84,2836.6,381
156,2054,2024-03-07 19:25:38.001889,46,1170.73,399
157,2019,2024-01-31 00:46:41.918756,43,1965.27,327
158,2054,2024-04-28 16:22:19.541067,36,4261.51,371
159,2030,2024-01-15 17:01:09.390403,46,3978.77,392
160,2027,2024-01-24 06:19:55.917398,77,1470.08,310
161,2059,2024-04-02 03:12:56.959512,40,4967.6,377
162,2052,2024-02-27 07:49:17.357269,91,972.42,330
163,2002,2024-04-13 08:37:09.965026,72,2336.08,377
164,2055,2024-04-02 14:23:34.347768,66,2836.8,373
165,2047,2024-03-10 04:21:21.009645,14,3665.61,393
166,2057,2024-04-19 04:08:01.866039,64,640.3,351
167,2011,2024-03-04 07:56:11.958871,3,168.65,348
168,2005,2024-02-11 08:28:24.247927,60,1839.04,320
169,2094,2024-04-27 20:16:19.956253,79,3617.77,356
170,2020,2024-02-17 13:22:24.389037,10,382.85,350
171,2097,2024-01-16 20:00:40.694567,5,3869.72,342
172,2093,2024-04-09 15:21:29.451296,72,1882.05,318
173,2041,2024-01-04 15:23:38.993710,47,4599.55,370
174,2003,2024-03-14 11:57:20.441536,14,1444.89,327
175,2065,2024-02-19 19:07:05.063234,24,4187.55,387
176,2015,2024-02-25 12:05:57.986305,83,2111.36,377
177,2018,2024-03-22 19:16:19.609241,85,245.0,342
178,2098,2024-03-21 22:41:37.795695,4,492.72,305
179,2042,2024-04-04 06:53:24.290957,73,4635.28,302
180,2053,2024-01-01 02:36:32.033128,2,430.77,392
181,2055,2024-01-12 16:32:14.415013,58,3868.39,362
182,2046,2024-03-23 13:19:52.416615,64,851.7,317
183,2063,2024-02-16 23:00:00.543975,49,4841.96,397
184,2074,2024-01-24 02:03:59.819280,51,1036.6,300
185,2018,2024-03-10 16:33:11.669307,51,2629.47,311
186,2018,2024-01-06 14:15:31.452834,74,2952.6,385
187,2042,2024-04-16 03:06:15.605371,12,4132.33,357
188,2041,2024-01-31 00:18:10.676722,76,2169.81,309
189,2016,2024-01-29 04:28:45.044636,83,442.53,372
190,2060,2024-01-01 18:01:29.188395,34,1654.85,337
191,2056,2024-02-22 23:58:19.414158,77,98.34,375
192,2037,2024-02-13 22:09:18.752206,70,1278.96,336
193,2079,2024-03-04 19:10:58.205163,20,2325.2,376
194,2089,2024-03-25 10:37:37.002407,8,1589.61,379
195,2097,2024-02-20 08:36:47.968760,13,4313.52,352
196,2085,2024-01-15 12:22:11.827494,26,703.95,363
197,2013,2024-01-11 18:05:14.491404,53,907.7,344
198,2024,2024-04-13 17:56:14.293243,27,4146.44,312
199,2083,2024-01-05 17:42:46.418812,33,3597.15,357
200,2049,2024-01-11 03:59:04.668008,56,1074.64,382
201,2087,2024-02-23 09:56:25.798503,51,2824.71,381
202,2069,2024-04-29 01:17:46.056791,30,1950.24,345
203,2071,2024-02-27 12:02:11.675049,3,4385.49,335
204,2058,2024-03-29 15:06:21.881133,30,1660.58,322
205,2061,2024-01-17 14:58:36.722991,16,2635.4,300
206,2070,2024-01-13 10:56:42.118304,42,3065.52,330
207,2024,2024-02-26 13:16:39.121726,96,2991.92,327
208,2024,2024-02-05 10:14:33.958615,55,2290.95,372
209,2027,2024-03-06 15:14:19.858374,4,1884.79,337
210,2034,2024-03-09 21:31:21.165776,34,4059.86,302
211,2062,2024-03-30 02:25:09.888567,32,735.69,369
212,2001,2024-03-15 09:37:36.578119,9,725.23,350
213,2020,2024-02-27 19:19:00.938791,22,570.67,373
214,2001,2024-01-16 08:29:04.179142,95,4470.37,339
215,2034,2024-01-15 02:09:16.236371,24,445.58,375
216,2032,2024-02-02 03:27:50.960782,28,3361.78,343
217,2064,2024-04-21 13:04:04.209352,47,3606.3,373
218,2043,2024-04-09 10:28:12.302924,55,2488.17,307
219,2072,2024-01-26 21:58:15.661200,77,986.54,396
220,2008,2024-03-15 09:30:45.347344,18,683.28,301
221,2067,2024-02-24 18:02:40.961256,98,4771.74,317
222,2052,2024-03-15 03:53:01.852232,52,4501.26,394
223,2056,2024-04-22 08:35:34.108470,68,748.04,308
224,2048,2024-03-31 01:55:09.671980,60,3178.69,367
225,2047,2024-03-16 23:30:49.868743,33,4919.67,389
226,2083,2024-02-21 23:03:44.387238,63,2849.87,374
227,2090,2024-01-19 06:34:36.303467,81,133.69,343
228,2094,2024-01-15 16:30:36.064684,98,2496.29,387
229,2012,2024-04-16 20:50:45.894394,43,1342.35,368
230,2063,2024-03-29 10:32:11.921415,66,2881.61,377
231,2040,2024-03-25 13:48:04.084977,70,2913.78,339
232,2011,2024-02-14 12:53:39.010891,31,1954.59,355
233,2039,2024-04-25 10:06:46.116492,37,3483.29,305
234,2021,2024-04-05 14:09:41.119871,2,1730.52,391
235,2011,2024-03-14 14:31:54.679813,13,2997.98,313
236,2084,2024-01-20 15:22:25.212319,8,686.36,314
237,2068,2024-02-09 02:09:55.258416,11,2709.39,341
238,2093,2024-02-02 01:47:37.890590,69,2491.83,304
239,2070,2024-01-08 05:28:44.878724,92,4606.97,383
240,2002,2024-03-23 04:38:37.148329,70,3652.92,302
241,2032,2024-04-09 14:15:22.666511,36,2700.23,314
242,2019,2024-01-13 16:53:49.051624,7,2163.18,375
243,2062,2024-03-19 17:51:39.703122,62,3666.6,387
244,2042,2024-04-04 19:49:55.140368,21,2947.75,306
245,2050,2024-03-16 17:18:23.990218,16,663.24,369
246,2007,2024-03-17 16:03:07.321042,59,3093.52,303
247,2044,2024-03-24 03:30:30.461411,86,852.71,318
248,2056,2024-03-26 07:13:44.780064,79,273.8,325
249,2024,2024-01-22 12:49:32.789453,65,1282.93,303
250,2016,2024-03-27 09:27:42.108225,47,3776.42,374
251,2057,2024-04-13 02:14:43.227037,81,4111.92,320
252,2011,2024-02-17 01:57:51.905278,48,2188.53,384
253,2028,2024-02-06 16:15:39.767989,20,1628.45,362
254,2039,2024-04-22 22:59:54.229718,5,4466.98,333
255,2047,2024-02-14 18:12:59.610888,29,4825.27,333
256,2071,2024-04-13 13:13:56.783641,11,4470.14,364
257,2029,2024-04-15 13:42:44.450056,18,3902.06,388
258,2056,2024-02-10 22:37:01.412580,72,1479.74,356
259,2073,2024-04-16 21:20:53.934460,67,3810.43,332
260,2072,2024-04-16 14:33:07.003478,68,3543.08,319
261,2093,2024-02-08 16:26:56.285290,29,4954.23,343
262,2069,2024-02-01 18:57:57.583331,52,4628.79,381
263,2030,2024-01-14 11:48:43.152139,55,3997.05,318
264,2098,2024-04-16 18:11:57.952071,83,2286.26,326
265,2002,2024-04-22 16:15:34.023276,40,957.67,396
266,2099,2024-02-13 21:21:22.042798,51,3422.69,334
267,2097,2024-04-28 06:35:27.546506,9,4148.25,347
268,2067,2024-01-11 17:40:34.484280,19,259.34,309
269,2042,2024-04-13 18:49:49.591374,63,2544.95,310
270,2082,2024-03-30 11:58:43.474505,16,3991.59,313
271,2007,2024-03-18 18:17:25.373982,77,4034.8,334
272,2069,2024-01-14 00:57:52.681014,10,3402.89,304
273,2055,2024-03-05 21:41:43.968219,40,1047.94,325
274,2066,2024-01-19 02:52:22.564701,49,4522.67,332
275,2055,2024-04-06 07:54:58.487921,76,1304.21,325
276,2025,2024-01-30 16:20:22.212381,56,1245.64,399
277,2068,2024-02-16 08:43:03.355257,99,2834.85,396
278,2038,2024-03-04 19:36:16.349268,1,227.97,329
279,2052,2024-02-16 00:12:33.203191,28,2130.79,350
280,2074,2024-01-16 06:49:31.667060,47,1337.18,373
281,2066,2024-02-24 09:11:36.603443,97,425.46,398
282,2095,2024-04-09 23:09:24.734475,60,4151.22,355
283,2007,2024-04-17 18:10:50.520757,84,2223.75,381
284,2058,2024-01-28 06:13:16.277015,30,1910.05,319
285,2054,2024-02-18 02:57:59.556326,32,2417.58,303
286,2001,2024-02-19 13:23:21.917751,82,3229.47,388
287,2079,2024-04-10 13:12:41.257267,32,2490.32,367
288,2067,2024-01-17 12:11:56.265112,79,3696.55,374
289,2063,2024-02-06 04:57:39.817207,7,1892.69,348
290,2080,2024-04-01 21:00:39.191810,57,2387.02,319
291,2030,2024-04-18 09:49:41.799097,66,2824.18,395
292,2040,2024-01-23 01:44:12.652511,76,342.01,332
293,2032,2024-01-09 01:39:36.760465,4,1171.8,329
294,2068,2024-01-30 21:53:01.357169,45,2739.4,322
295,2035,2024-04-17 19:24:33.355113,30,3005.03,397
296,2002,2024-04-15 21:26:23.090157,14,86.07,320
297,2030,2024-01-13 02:19:22.123730,43,3129.22,373
298,2038,2024-04-12 05:39:52.426801,27,662.01,330
299,2051,2024-01-15 12:48:08.168274,99,2896.29,350
300,2092,2024-01-15 15:44:24.047184,5,1035.0,327
301,2021,2024-03-10 15:38:36.588605,74,2194.81,376
302,2011,2024-02-05 17:51:08.520951,41,2901.5,339
303,2038,2024-04-27 10:39:04.540170,16,720.22,367
304,2010,2024-02-18 19:34:37.498101,68,2770.09,322
305,2042,2024-01-10 19:27:40.505215,57,691.76,304
306,2081,2024-02-20 09:17:36.875287,2,2012.72,337
307,2063,2024-04-18 03:32:17.993575,39,516.67,301
308,2025,2024-03-29 20:13:57.433461,64,4229.79,386
309,2026,2024-01-12 06:35:42.008413,83,571.67,327
310,2069,2024-03-13 06:40:27.133607,78,1314.11,394
311,2088,2024-01-12 17:49:00.604682,73,2772.37,332
312,2008,2024-03-23 15:36:41.991571,98,4982.95,341
313,2027,2024-04-08 00:05:17.845845,79,1528.65,350
314,2081,2024-04-22 01:07:29.655603,23,1212.87,330
315,2031,2024-01-19 06:05:37.781614,12,348.33,387
316,2031,2024-03-08 18:14:40.225572,68,4128.13,369
317,2097,2024-04-24 19:11:25.140150,50,3054.06,360
318,2043,2024-03-22 05:20:24.310255,28,3845.63,313
319,2070,2024-03-13 17:19:26.366266,75,3922.39,348
320,2077,2024-01-12 12:48:07.806114,50,228.57,329
321,2036,2024-04-12 16:49:20.715856,99,4776.35,339
322,2015,2024-02-18 04:11:30.194054,3,4811.21,369
323,2072,2024-03-03 00:08:27.485709,37,2295.42,369
324,2047,2024-04-08 03:28:52.737525,79,3999.06,384
325,2068,2024-01-04 06:50:23.629746,52,166.47,301
326,2077,2024-02-24 20:06:04.789465,45,4291.87,368
327,2024,2024-01-12 21:21:21.507441,17,3464.11,305
328,2086,2024-02-03 02:08:59.732353,61,995.06,326
329,2053,2024-01-04 06:30:41.214155,27,3012.52,366
330,2011,2024-02-03 01:37:46.137292,22,2278.28,337
331,2036,2024-02-21 06:42:38.450227,6,1862.18,374
332,2060,2024-03-19 13:24:57.743402,26,2757.26,328
333,2066,2024-04-20 21:23:36.099247,25,2862.37,307
334,2090,2024-02-05 20:35:43.072041,89,348.78,301
335,2041,2024-02-16 00:01:52.821250,81,2470.99,306
336,2034,2024-04-24 02:47:40.608403,90,1519.17,387
337,2031,2024-02-22 04:41:16.378993,38,4394.53,313
338,2098,2024-01-29 00:54:09.015074,85,1089.68,384
339,2022,2024-02-23 07:58:35.646278,27,1408.55,336
340,2082,2024-03-01 02:12:52.383374,66,560.44,390
341,2000,2024-02-23 17:08:51.807907,23,2797.23,362
342,2050,2024-04-07 16:17:47.007516,53,291.03,356
343,2084,2024-03-13 00:18:33.527258,61,1232.55,333
344,2076,2024-03-06 16:52:44.742381,29,3326.11,322
345,2044,2024-03-27 16:11:35.031755,29,3039.3,359
346,2049,2024-03-13 08:32:33.799869,23,2182.49,301
347,2020,2024-04-16 04:09:57.016901,16,245.09,343
348,2076,2024-01-23 02:14:52.948870,93,4291.94,337
349,2057,2024-02-13 15:25:27.455320,96,880.8,368
350,2037,2024-03-27 18:20:50.158197,25,1922.24,389
351,2080,2024-03-07 12:04:12.733063,12,239.7,355
352,2044,2024-02-03 10:23:42.000462,18,337.05,327
353,2049,2024-04-10 00:57:40.863522,21,3708.12,361
354,2019,2024-04-04 03:32:30.847060,94,959.22,317
355,2077,2024-02-23 02:02:50.922433,7,4759.95,334
356,2040,2024-04-15 11:35:07.255614,27,4016.9,382
357,2069,2024-04-07 03:36:56.999029,17,2247.29,368
358,2063,2024-02-02 15:29:47.576439,53,1390.09,319
359,2018,2024-02-16 13:24:16.855914,85,911.72,342
360,2022,2024-02-25 13:11:20.160312,31,2357.46,322
361,2015,2024-02-04 00:03:39.633236,4,4265.47,364
362,2051,2024-04-18 19:18:17.133461,88,1376.1,305
363,2085,2024-01-15 10:54:31.529639,61,1806.03,399
364,2010,2024-04-28 23:05:05.620629,99,1907.81,348
365,2061,2024-03-31 21:24:46.028166,59,419.81,347
366,2026,2024-02-26 22:07:59.051311,29,2622.14,399
367,2024,2024-03-16 18:16:57.489462,96,4977.38,333
368,2096,2024-01-17 01:02:26.827386,31,2549.88,340
369,2071,2024-03-19 13:13:12.290618,83,3170.09,327
370,2059,2024-01-27 05:05:28.437367,87,4638.24,396
371,2088,2024-04-21 10:32:49.749883,24,1786.07,326
372,2079,2024-04-23 12:53:31.695617,58,1862.64,314
373,2043,2024-01-27 04:07:22.111259,90,3184.76,387
374,2031,2024-04-04 18:53:20.567545,60,4883.9,389
375,2008,2024-02-02 09:25:26.446323,36,2364.01,379
376,2095,2024-02-23 21:00:40.856298,63,2714.96,313
377,2043,2024-04-21 13:36:12.553332,8,1056.2,300
378,2092,2024-02-04 19:19:38.663446,95,1136.2,383
379,2018,2024-02-08 15:12:08.392644,69,1886.45,329
380,2095,2024-02-09 13:09:27.924920,48,4278.28,398
381,2071,2024-01-06 12:23:46.134691,18,2865.48,333
382,2011,2024-02-20 03:09:27.875436,97,1936.88,393
383,2087,2024-02-09 07:53:59.284346,86,1912.18,354
384,2000,2024-04-28 14:19:48.392803,21,1754.92,369
385,2032,2024-03-17 20:14:24.103370,29,783.45,316
386,2028,2024-04-11 04:38:54.579726,8,2733.73,338
387,2061,2024-02-29 19:40:49.102030,74,1097.42,357
388,2051,2024-04-04 18:43:52.836443,77,4312.03,322
389,2080,2024-01-23 23:21:10.070704,98,3360.38,310
390,2054,2024-03-15 11:14:21.803629,40,4323.59,381
391,2099,2024-04-02 10:11:27.015773,27,1297.46,388
392,2083,2024-03-26 02:17:44.291921,32,3874.88,375
393,2029,2024-03-01 23:54:29.718794,41,4768.34,332
394,2085,2024-01-19 20:10:31.838882,16,3825.79,367
395,2078,2024-04-25 12:59:22.957374,50,2242.21,339
396,2084,2024-01-31 00:39:41.473328,7,1686.35,339
397,2092,2024-03-18 09:00:48.247311,3,1501.38,337
398,2059,2024-03-26 17:57:47.072242,79,4254.54,332
399,2018,2024-01-03 04:36:23.256560,68,3147.8,343
400,2030,2024-01-26 11:01:23.463686,2,3901.82,352
401,2009,2024-03-16 07:02:30.133433,87,4969.58,349
402,2080,2024-02-09 15:44:33.401705,70,3911.01,346
403,2042,2024-02-02 03:20:13.758638,81,352.86,375
404,2028,2024-02-28 04:55:33.096043,85,3114.99,357
405,2009,2024-04-07 17:02:03.148491,30,2411.03,325
406,2024,2024-02-24 22:42:02.735044,12,4618.21,377
407,2008,2024-03-22 02:17:47.409356,19,465.1,314
408,2090,2024-03-06 05:38:02.198902,86,86.66,396
409,2024,2024-01-18 05:11:58.138102,9,381.72,383
410,2009,2024-02-22 16:32:28.292814,70,1071.68,376
411,2052,2024-01-08 02:39:42.070293,50,3349.95,345
412,2035,2024-04-15 04:47:16.238362,70,1727.57,387
413,2089,2024-02-17 10:28:43.863436,42,2623.38,305
414,2089,2024-04-14 23:36:08.002162,26,2904.04,323
415,2005,2024-03-23 04:27:17.316198,32,525.1,397
416,2012,2024-02-10 10:21:03.274744,94,3071.47,330
417,2047,2024-04-16 01:49:17.692315,74,4421.07,375
418,2099,2024-02-18 22:02:22.366392,38,3499.82,319
419,2021,2024-04-17 01:19:56.723951,55,924.86,309
420,2079,2024-04-05 01:11:20.846659,49,4289.66,351
421,2043,2024-04-04 06:50:36.909449,14,4148.31,307
422,2034,2024-03-26 15:35:14.860115,56,1199.51,372
423,2071,2024-03-24 07:03:09.175498,26,338.21,365
424,2093,2024-04-16 20:45:08.116256,57,3329.75,313
425,2034,2024-02-16 22:24:19.282268,93,1025.66,313
426,2027,2024-04-10 23:25:13.840488,28,4925.95,331
427,2034,2024-03-03 00:56:11.833569,80,4736.81,327
428,2032,2024-02-15 16:08:57.577748,21,1086.05,326
429,2048,2024-01-30 10:22:37.455282,43,3737.5,358
430,2057,2024-01-11 15:32:23.350817,87,3822.94,393
431,2070,2024-02-11 22:51:31.860337,8,1876.82,340
432,2038,2024-02-07 03:44:42.059534,3,4603.69,342
433,2072,2024-02-29 03:28:08.609804,99,406.02,365
434,2049,2024-02-09 10:06:51.507681,53,83.41,344
435,2029,2024-02-08 19:46:09.982594,62,3660.59,379
436,2052,2024-03-05 07:40:29.513888,57,3946.52,383
437,2093,2024-04-07 19:07:59.495772,87,3706.3,346
438,2093,2024-04-28 00:48:19.706447,88,864.06,341
439,2088,2024-02-21 00:49:18.138950,37,4392.0,321
440,2089,2024-03-25 11:59:27.952368,44,3441.95,370
441,2031,2024-03-06 12:34:41.642145,68,1782.65,385
442,2047,2024-04-16 11:58:44.742842,16,1574.1,335
443,2076,2024-01-05 23:54:01.221741,22,874.91,300
444,2024,2024-04-12 05:58:16.202046,5,1785.99,336
445,2061,2024-04-16 06:40:58.282421,4,442.41,337
446,2076,2024-02-07 08:22:15.165703,81,724.02,353
447,2023,2024-01-20 03:04:11.368227,25,1739.23,301
448,2009,2024-03-08 07:04:07.336251,62,205.07,316
449,2097,2024-01-02 16:50:18.882421,99,1187.79,327
450,2057,2024-01-02 21:30:17.427368,93,1684.43,390
451,2084,2024-04-28 10:15:52.532401,46,3237.9,322
452,2037,2024-02-28 02:22:57.802869,45,4761.52,386
453,2017,2024-01-28 15:14:43.862873,88,4825.23,333
454,2024,2024-03-22 23:46:43.069814,62,3851.87,337
455,2027,2024-02-03 01:39:16.240994,85,4322.92,318
456,2099,2024-01-07 06:20:11.059111,70,2332.15,379
457,2099,2024-01-19 19:22:24.697016,75,3603.12,332
458,2093,2024-04-17 15:00:20.574812,91,2368.61,388
459,2045,2024-02-20 13:03:02.013860,99,4295.48,349
460,2025,2024-02-04 02:55:31.181921,66,1466.38,300
461,2048,2024-04-10 17:51:34.674086,49,2440.25,327
462,2016,2024-04-18 19:00:35.196947,62,3965.03,350
463,2034,2024-01-07 02:03:02.144576,98,4186.53,371
464,2043,2024-01-01 19:38:14.709771,13,2802.09,315
465,2099,2024-01-26 00:40:47.379522,54,1213.23,307
466,2042,2024-02-17 06:31:39.563166,46,3901.34,377
467,2029,2024-01-25 23:49:31.270839,43,2922.93,346
468,2098,2024-02-19 17:56:41.012517,32,3892.93,344
469,2033,2024-02-09 15:11:02.925498,96,2890.45,387
470,2017,2024-03-22 09:44:35.839276,88,4302.39,327
471,2063,2024-04-20 23:18:25.394545,4,2017.16,321
472,2083,2024-02-10 01:04:58.040564,99,294.87,315
473,2048,2024-01-19 21:08:14.832048,39,1234.76,320
474,2049,2024-03-22 16:03:50.493956,44,167.67,319
475,2002,2024-03-24 17:25:38.514355,36,3354.27,381
476,2011,2024-03-25 06:11:55.954370,1,182.16,379
477,2061,2024-02-28 04:59:33.807252,94,849.75,391
478,2060,2024-04-03 17:12:16.077063,37,525.02,378
479,2029,2024-01-19 10:37:25.017094,9,1236.79,372
480,2036,2024-04-14 11:11:35.357318,65,597.73,376
481,2088,2024-01-03 07:53:54.727865,28,4196.02,378
482,2046,2024-02-06 17:35:17.793352,34,2516.79,386
483,2067,2024-01-24 01:09:51.248247,38,1345.36,339
484,2065,2024-01-16 08:59:50.452756,1,2556.84,392
485,2040,2024-03-22 13:52:52.748676,96,1901.48,384
486,2077,2024-02-04 07:23:45.146414,38,967.96,302
487,2024,2024-04-05 01:14:33.358390,58,3120.11,346
488,2004,2024-04-26 02:11:22.490905,93,2849.49,302
489,2010,2024-03-07 21:48:52.407061,85,3887.45,393
490,2016,2024-02-27 18:08:02.955942,25,2033.81,324
491,2047,2024-04-22 07:30:04.544684,94,2712.22,333
492,2078,2024-01-22 07:11:13.919096,39,2772.6,336
493,2094,2024-04-03 15:24:59.061817,20,4802.21,396
494,2086,2024-01-24 19:48:31.074049,81,4807.77,353
495,2056,2024-01-11 04:48:13.018466,81,2387.51,379
496,2060,2024-04-19 23:44:12.413353,37,2914.42,343
497,2089,2024-02-24 08:22:59.845441,94,926.28,313
498,2065,2024-01-28 03:21:30.255404,1,1070.06,303
499,2062,2024-01-26 08:56:09.048223,50,2308.62,369
500,2036,2024-02-05 23:54:14.369753,47,146.94,380
501,2099,2024-04-24 22:35:32.450574,35,3050.31,320
502,2028,2024-02-01 19:09:18.262965,49,3194.95,358
503,2060,2024-01-19 17:57:10.993280,28,3577.82,337
504,2055,2024-04-25 07:11:54.787389,90,2038.02,326
505,2073,2024-02-11 12:27:17.026614,92,4271.81,386
506,2005,2024-01-12 09:00:49.886575,40,3476.98,381
507,2035,2024-03-25 06:00:05.849417,4,1695.37,305
508,2051,2024-03-13 23:10:59.134339,24,356.01,357
509,2039,2024-04-15 01:25:29.066278,91,342.13,337
510,2063,2024-04-29 00:42:02.585508,74,2511.83,328
511,2039,2024-03-14 13:07:51.751173,47,4713.79,308
512,2027,2024-04-26 20:59:34.735344,84,3556.91,378
513,2087,2024-01-29 18:37:04.188745,12,4309.63,335
514,2094,2024-02-25 03:22:41.070875,32,1680.88,351
515,2028,2024-01-03 19:34:37.777394,30,1324.95,309
516,2077,2024-03-01 00:21:46.919534,66,2106.69,310
517,2046,2024-02-01 23:28:59.785017,9,1178.11,369
518,2035,2024-03-05 15:03:32.437512,19,2307.55,315
519,2066,2024-04-11 17:12:04.041433,74,2144.9,309
520,2028,2024-03-05 06:23:50.220661,55,335.29,352
521,2016,2024-01-10 14:00:40.623238,87,2728.91,387
522,2083,2024-02-08 04:01:29.962813,53,2264.39,379
523,2043,2024-02-22 16:35:01.474758,85,2260.51,371
524,2033,2024-01-06 09:19:39.559267,33,2632.22,388
525,2000,2024-04-15 02:27:30.405800,48,4603.05,338
526,2020,2024-01-15 10:18:45.860218,55,3027.48,315
527,2058,2024-01-01 23:49:40.571046,11,4808.32,399
528,2033,2024-01-24 16:12:52.359732,19,915.89,340
529,2006,2024-04-08 05:42:09.211628,49,1376.7,317
530,2044,2024-03-17 13:59:19.648050,8,1512.2,336
531,2047,2024-03-05 19:12:02.494062,7,4176.2,310
532,2016,2024-04-11 01:08:04.482374,5,1085.78,340
533,2038,2024-04-12 09:18:47.015188,70,62.53,340
534,2048,2024-03-16 05:23:04.837970,94,627.97,387
535,2080,2024-03-15 14:45:22.462595,30,171.17,342
536,2018,2024-01-22 02:45:13.791989,70,4824.5,391
537,2026,2024-04-11 06:39:44.043619,36,979.06,365
538,2070,2024-04-09 23:37:44.758092,30,3652.56,303
539,2035,2024-02-20 22:31:07.004719,96,4963.57,343
540,2071,2024-04-25 08:25:29.005178,45,4997.84,332
541,2088,2024-02-27 10:30:00.495102,57,3695.21,389
542,2074,2024-02-15 23:12:49.186582,16,4786.13,339
543,2035,2024-03-18 23:31:08.318294,28,1708.52,318
544,2095,2024-03-12 01:25:03.466869,68,4838.08,314
545,2098,2024-01-23 13:37:13.938873,42,3342.69,314
546,2069,2024-01-02 03:18:28.473038,26,3328.12,314
547,2024,2024-02-20 09:35:18.717634,56,767.29,387
548,2056,2024-04-17 05:28:13.905231,32,72.34,356
549,2019,2024-01-15 17:28:20.917691,41,1193.93,368
550,2066,2024-03-23 20:47:42.706523,14,3349.01,379
551,2075,2024-02-14 20:28:39.973331,19,3214.03,341
552,2076,2024-04-29 05:42:08.830966,72,4691.83,300
553,2058,2024-04-18 08:27:59.757405,73,1383.34,361
554,2056,2024-03-12 04:40:24.196211,70,1580.15,321
555,2064,2024-01-23 21:25:34.830672,86,950.57,308
556,2055,2024-04-29 14:18:58.157459,81,1308.08,398
557,2071,2024-01-12 23:06:09.192410,45,1495.87,302
558,2015,2024-03-06 06:53:48.354954,42,1753.77,339
559,2096,2024-02-17 15:28:33.447696,21,1929.01,372
560,2063,2024-04-17 20:16:39.009119,43,2061.57,342
561,2058,2024-03-28 13:05:20.724844,91,1237.8,398
562,2083,2024-01-04 19:03:25.412657,55,2466.71,342
563,2044,2024-03-30 19:46:13.015580,80,4863.95,343
564,2027,2024-03-30 01:10:09.688760,68,1341.78,374
565,2028,2024-03-05 02:11:43.606663,82,1784.96,329
566,2068,2024-02-23 14:46:41.784266,74,4298.86,373
567,2010,2024-02-05 11:54:37.239924,48,134.56,352
568,2078,2024-04-12 05:35:11.765326,31,549.15,353
569,2013,2024-03-26 10:47:09.914375,28,2083.51,315
570,2019,2024-04-19 04:13:25.667333,74,64.68,372
571,2063,2024-01-09 13:46:02.412684,21,3697.98,334
572,2056,2024-01-05 14:34:11.010670,71,3567.62,347
573,2047,2024-04-18 01:01:58.816211,89,693.16,376
574,2002,2024-01-02 13:54:01.149219,31,4382.9,373
575,2088,2024-02-12 21:01:57.260954,86,4173.11,307
576,2031,2024-04-29 15:33:01.560638,93,1311.09,338
577,2013,2024-04-24 08:33:30.027258,36,3645.89,386
578,2047,2024-01-19 01:52:24.870379,49,2484.15,388
579,2013,2024-01-20 12:50:07.986798,28,2426.83,362
580,2056,2024-02-10 17:16:44.460958,14,2501.23,384
581,2034,2024-01-12 04:48:47.444914,55,1761.09,340
582,2046,2024-02-02 09:15:30.252548,84,4008.26,370
583,2013,2024-04-20 00:42:04.041731,65,157.09,315
584,2052,2024-04-26 10:33:38.662574,31,322.7,320
585,2016,2024-03-17 04:31:53.508041,79,816.53,331
586,2079,2024-01-18 23:26:53.154338,89,3461.88,391
587,2084,2024-04-29 23:19:51.465859,86,2805.75,358
588,2085,2024-01-21 23:22:35.364054,85,114.58,384
589,2028,2024-01-24 23:05:11.746528,83,880.75,361
590,2057,2024-01-15 07:49:50.492956,69,2010.69,360
591,2018,2024-04-16 08:22:57.907934,62,4532.84,302
592,2044,2024-02-20 11:56:15.432110,60,3728.73,339
593,2023,2024-03-03 14:59:46.900494,4,3057.75,372
594,2058,2024-02-06 11:16:13.466753,16,2202.79,337
595,2092,2024-02-15 08:58:34.235122,91,2279.25,352
596,2063,2024-03-31 11:56:20.589329,1,1769.37,379
597,2032,2024-02-20 09:16:02.576377,52,2543.99,397
598,2096,2024-01-11 20:53:21.909566,80,2534.34,312
599,2094,2024-03-04 17:11:08.352929,87,2145.59,338
600,2000,2024-02-27 04:52:31.652365,26,2981.74,302
601,2037,2024-04-21 10:26:21.503563,67,3907.47,345
602,2040,2024-04-22 08:43:06.862242,93,4300.21,363
603,2076,2024-03-17 02:43:30.474817,30,166.3,393
604,2078,2024-02-10 09:13:46.194250,50,112.81,322
605,2054,2024-01-07 09:07:35.991220,70,1474.39,334
606,2044,2024-04-29 10:23:06.342525,27,1017.07,301
607,2008,2024-04-24 11:34:46.648459,49,4701.41,303
608,2035,2024-02-04 01:41:26.396386,19,2778.5,380
609,2088,2024-04-29 16:47:43.812874,21,820.01,311
610,2008,2024-04-21 10:41:18.941766,26,4797.38,338
611,2072,2024-02-15 10:21:56.711120,55,3195.22,387
612,2019,2024-03-24 18:13:29.857676,77,4122.44,362
613,2066,2024-01-26 06:22:54.646636,49,270.52,343
614,2008,2024-04-11 12:28:02.684302,52,4013.71,387
615,2032,2024-01-03 09:00:32.619501,88,3467.95,357
616,2018,2024-04-04 02:00:13.498070,39,4243.78,307
617,2023,2024-02-29 17:02:27.435083,65,3581.06,308
618,2013,2024-03-13 11:37:54.763563,27,1771.95,391
619,2014,2024-01-31 09:40:17.164069,33,1551.11,329
620,2067,2024-02-08 14:45:51.554489,71,4842.35,381
621,2088,2024-02-16 19:14:14.254919,52,1170.36,388
622,2052,2024-01-31 08:57:34.317690,5,1515.34,373
623,2091,2024-01-07 19:47:41.987545,5,1280.83,360
624,2075,2024-03-04 21:46:34.680829,87,2534.74,331
625,2023,2024-04-14 12:47:25.787954,93,2312.4,363
626,2043,2024-03-24 03:06:26.495083,27,2606.67,333
627,2039,2024-03-05 00:41:31.690717,95,2659.75,381
628,2078,2024-01-18 06:38:16.751872,49,3073.04,382
629,2018,2024-03-16 08:15:02.874555,72,4138.24,322
630,2005,2024-01-29 14:31:17.131085,91,4944.9,308
631,2029,2024-02-01 00:59:57.192255,5,1183.26,364
632,2082,2024-03-09 00:03:48.288903,89,2958.76,378
633,2012,2024-04-14 13:32:33.212227,97,261.26,363
634,2073,2024-02-27 00:02:54.335648,73,4258.93,365
635,2057,2024-02-19 20:28:57.920574,92,248.16,330
636,2015,2024-04-11 04:41:37.124317,78,4154.02,308
637,2094,2024-04-18 23:22:31.435582,93,3380.11,366
638,2079,2024-01-13 04:44:10.693267,54,4203.45,354
639,2028,2024-03-22 07:56:22.054291,4,1121.66,362
640,2045,2024-01-07 20:40:37.943799,52,1453.21,368
641,2063,2024-01-06 22:29:09.193980,15,4069.31,318
642,2094,2024-04-21 07:41:57.240997,96,2197.55,383
643,2077,2024-02-15 08:12:28.295370,17,948.99,301
644,2058,2024-02-07 08:20:37.374994,86,3965.39,387
645,2008,2024-01-19 14:01:29.719981,78,4074.21,381
646,2054,2024-04-22 17:21:03.004907,82,949.83,360
647,2004,2024-04-07 15:25:00.422426,98,1315.14,308
648,2099,2024-02-03 21:08:16.306108,39,1325.72,316
649,2094,2024-04-16 01:06:24.237522,99,3565.41,367
650,2060,2024-04-13 04:16:19.682364,65,4236.42,310
651,2026,2024-01-11 02:29:21.876027,46,398.72,326
652,2008,2024-02-17 02:42:57.631795,19,1958.1,383
653,2013,2024-04-05 17:28:20.868370,93,227.55,393
654,2071,2024-04-02 20:01:30.437151,18,1490.54,305
655,2020,2024-04-14 17:47:34.519022,63,482.91,384
656,2047,2024-03-26 15:50:26.006631,47,2504.14,334
657,2060,2024-03-24 21:52:11.069188,51,4662.37,353
658,2094,2024-02-07 04:49:07.729864,57,4402.07,386
659,2067,2024-01-06 00:43:32.818461,39,2648.61,368
660,2083,2024-03-26 18:57:43.262568,32,3543.68,370
661,2097,2024-04-21 18:59:43.706345,26,2898.25,320
662,2084,2024-03-10 06:09:42.682203,68,2763.62,399
663,2035,2024-04-25 20:08:47.589357,71,63.82,387
664,2022,2024-03-08 13:32:16.415398,14,4766.22,367
665,2090,2024-03-04 09:11:33.965284,19,2446.95,348
666,2051,2024-03-26 05:19:07.321512,58,2593.76,396
667,2031,2024-01-09 14:05:10.769664,69,2930.35,365
668,2090,2024-03-01 10:52:50.716143,73,243.66,325
669,2093,2024-02-23 21:06:26.177844,81,3420.64,349
670,2058,2024-04-15 05:44:49.765222,30,3484.56,398
671,2083,2024-03-07 15:54:24.066736,68,1878.85,396
672,2018,2024-02-25 23:17:24.079777,32,845.17,330
673,2089,2024-02-26 19:30:27.316068,44,1646.99,301
674,2078,2024-01-12 23:03:53.609115,30,2641.87,327
675,2066,2024-02-20 07:22:57.915642,79,4970.68,337
676,2084,2024-03-05 23:15:46.985251,53,2677.06,369
677,2060,2024-02-24 10:25:29.482500,42,902.78,359
678,2021,2024-04-16 16:56:22.827072,57,3953.49,367
679,2073,2024-02-23 11:02:59.199566,82,1021.13,362
680,2062,2024-01-22 20:45:57.610442,30,3889.76,386
681,2037,2024-04-23 00:49:41.815541,21,594.93,390
682,2007,2024-02-29 15:07:48.035189,87,3944.38,361
683,2030,2024-03-02 10:30:12.689507,77,4177.1,394
684,2004,2024-02-10 13:40:04.086532,51,2218.63,383
685,2017,2024-02-16 06:14:16.109213,5,3081.04,366
686,2013,2024-03-27 02:05:38.517087,10,1808.69,378
687,2070,2024-01-31 16:35:36.312393,60,1297.14,391
688,2083,2024-01-31 12:00:04.004989,72,2978.15,385
689,2040,2024-02-17 05:22:52.816974,14,2464.79,322
690,2041,2024-02-14 07:51:07.824210,20,3523.87,387
691,2087,2024-01-14 00:17:07.320123,51,1650.94,357
692,2053,2024-02-13 21:21:47.162254,15,2718.65,304
693,2088,2024-01-15 21:53:11.604200,23,3894.14,376
694,2012,2024-02-01 12:15:44.610858,67,1700.79,300
695,2051,2024-02-21 21:22:28.727458,88,4409.79,391
696,2084,2024-04-27 13:32:42.947524,77,2964.45,396
697,2047,2024-03-22 16:15:25.963848,6,3767.18,360
698,2034,2024-03-30 02:36:45.854385,96,3902.33,303
699,2035,2024-03-23 13:11:00.797120,37,4106.7,373
700,2023,2024-04-09 02:50:53.464981,40,2671.95,315
